/product/2977/;/spalni/
/catalog/164/;/gostinnye/
/product/2366/;/gostinnye/
/catalog/184/;/prihojii/
/catalog/208/8/;/gostinnye/
/catalog/183/;/prihojii/
/catalog/180/;/prihojii/
/catalog/193/;/prihojii/
/product/2428/;/spalni/
/catalog/209/;/spalni/
/product/2975/;/spalni/
/product/2814/;/gostinnye/
/product/2864/;/gostinnye/
/catalog/159/;/gostinnye/
/product/2605/;/spalni/
/product/2897/;/gostinnye/
/product/2869/;/gostinnye/
/catalog/205/;/prihojii/
/catalog/182/;/prihojii/
/product/2987/;/spalni/
/product/2954/;/gostinnye/
/catalog/160/;/gostinnye/
/product/2601/;/spalni/
/catalog/175/;/prihojii/
/catalog/178/;/gostinnye/
/product/2980/;/spalni/
/product/2725/;/detskie/
/catalog/203/;/detskie/
/catalog/204/;/detskie/
/catalog/190/;/spalni/
/catalog/199/;/spalni/
/product/2220/;/prihojii/
/product/2511/;/spalni/
/product/2228/;/prihojii/
/product/2734/;/detskie/
/product/2990/;/spalni/
/product/2436/;/gostinnye/
/catalog/157/;/prihojii/
/product/2654/;/spalni/
/product/2303/;/spalni/
/product/2656/;/spalni/
/product/2490/;/
/product/2893/;/gostinnye/
/catalog/188/;/gostinnye/
/catalog/208/;/gostinnye/
/catalog/198/;/gostinnye/
/catalog/185/;/gostinnye/
/catalog/176/;/gostinnye/
/info/contact/;/contact/
/product/2737/;/gostinnye/
/product/2985/;/spalni/
/product/2997/;/spalni/
/product/2755/;/gostinnye/
/product/2433/;/gostinnye/
/catalog/207/;/kabinet/
/product/2744/;/gostinnye/
/product/2405/;/gostinnye/
/product/2979/;/spalni/
/product/2274/;/
/product/2376/;/gostinnye/
/product/2950/;/gostinnye/
/product/2541/;/spalni/
/product/2275/;/spalni/
/product/2724/;/detskie/
/product/2845/;/gostinnye/
/product/2247/;/prihojii/
/product/2782/;/gostinnye/
/product/2710/;/gostinnye/
/product/2877/;/gostinnye/
/product/2586/;/spalni/
/product/2799/;/gostinnye/
/product/2246/;/gostinnye/
/product/2545/;/spalni/
/product/3001/;/spalni/
/product/2887/;/gostinnye/
/product/2705/;/spalni/
/product/2582/;/spalni/
/product/2698/;/spalni/
/catalog/153/;/spalni/
/catalog/166/;/gostinnye/
/info/wherebuy/;/
/product/2841/;/gostinnye/
/product/2212/;/gostinnye/
/product/2858/;/gostinnye/
/product/2817/;/gostinnye/
/product/2547/;/spalni/
/catalog/174/;/spalni/
/product/2666/;/spalni/
/product/2812/;/gostinnye/
/product/2427/;/spalni/
/product/2617/;/spalni/
/product/2746/;/gostinnye/
/product/2460/;/gostinnye/
/product/2227/;/gostinnye/
/product/2637/;/spalni/
/product/2642/;/spalni/
/catalog/177/;/gostinnye/
/product/2925/;/gostinnye/
/product/2418/;/spalni/
/catalog/161/;/gostinnye/
/catalog/206/;/kabinet/
/catalog/208/3/;/gostinnye/
/catalog/197/;/spalni/
/product/2596/;/spalni/
/catalog/208/6/;/gostinnye/
/catalog/208/13/;/gostinnye/
/product/2510/;/spalni/
/product/2430/;/gostinnye/
/product/2880/;/gostinnye/
/product/2337/;/gostinnye/
/product/2385/;/gostinnye/
/product/2873/;/gostinnye/
/product/2736/;/gostinnye/
/catalog/168/;/gostinnye/
/product/2793/;/gostinnye/
/news/71/;/news/
/product/2886/;/gostinnye/
/product/2684/;/gostinnye/
/news/72/;/news/
/product/2195/;/gostinnye/
/product/2452/;/gostinnye/
/product/2523/;/gostinnye/
/product/2728/;/detskie/
/product/2922/;/gostinnye/
/product/2630/;/spalni/
/product/2891/;/gostinnye/
/product/2643/;/spalni/
/product/2842/;/gostinnye/
/product/2416/;/spalni/
/catalog/209/2/;/spalni/
/product/2422/;/spalni/
/catalog/173/;/gostinnye/
/product/2916/;/gostinnye/
/product/2506/;/spalni/
/product/2752/;/gostinnye/
/product/2512/;/spalni/
/product/2914/;/gostinnye/
/product/2517/;/spalni/
/product/2252/;/gostinnye/
/product/2878/;/gostinnye/
/product/2549/;/spalni/
/catalog/187/;/about_mebel/
/product/2334/;/gostinnye/
/product/2764/;/kabinet/
/catalog/153/7/;/spalni/
/product/2952/;/gostinnye/
/product/2205/;/gostinnye/
/product/2716/;/spalni/
/product/2777/;/gostinnye/
/catalog/200/;/gostinnye/
/product/2614/;/spalni/
/catalog/181/;/prihojii/
/product/2867/;/gostinnye/
/product/2200/;/gostinnye/
/product/2539/;/spalni/
/product/2913/;/gostinnye/
/product/2250/;/
/product/2833/;/gostinnye/
/product/2994/;/spalni/
/catalog/208/12/;/gostinnye/
/product/2429/;/gostinnye/
/product/2739/;/gostinnye/
/product/2815/;/gostinnye/
/product/2231/;/gostinnye/
/product/2907/;/gostinnye/
/product/2217/;/gostinnye/
/product/2712/;/gostinnye/
/product/2342/;/gostinnye/
/product/2768/;/kabinet/
/info/delivery/;/delivery/
/product/3003/;/spalni/
/catalog/208/4/;/gostinnye/
/product/2844/;/gostinnye/
/product/2759/;/gostinnye/
/product/2432/;/gostinnye/
/product/2763/;/kabinet/
/product/2211/;/gostinnye/
/product/2717/;/spalni/
/news/74/;/news/
/product/3007/;/spalni/
/product/2215/;/gostinnye/
/catalog/201/;/prihojii/
/catalog/199/2/;/spalni/
/product/2210/;/gostinnye/
/product/2722/;/detskie/
/product/2254/;/gostinnye/
/catalog/153/9/;/spalni/
/product/2685/;/gostinnye/
/product/2244/;/prihojii/
/catalog/186/;/
/product/2336/;/gostinnye/
/product/2909/;/gostinnye/
/product/2242/;/prihojii/
/product/2206/;/gostinnye/
/product/2455/;/gostinnye/
/product/2565/;/spalni/
/catalog/153/3/;/spalni/
/product/2476/;/
/product/2439/;/gostinnye/
/product/2522/;/gostinnye/
/catalog/159/2/;/gostinnye/
/catalog/188/2/;/gostinnye/
/product/2924/;/gostinnye/
/product/2735/;/gostinnye/
/product/2554/;/spalni/
/product/2287/;/spalni/
/catalog/179/;/gostinnye/
/product/2203/;/gostinnye/
/product/2208/;/gostinnye/
/product/2720/;/detskie/
/product/2747/;/gostinnye/
/product/2306/;/spalni/
/product/2718/;/gostinnye/
/product/2362/;/gostinnye/
/product/2281/;/spalni/
/catalog/208/10/;/gostinnye/
/product/2540/;/spalni/
/product/2731/;/detskie/
/product/2967/;/gostinnye/
/product/2207/;/gostinnye/
/product/2358/;/gostinnye/
/product/2758/;/gostinnye/
/product/2421/;/spalni/
/catalog/208/5/;/gostinnye/
/product/2723/;/detskie/
/catalog/198/2/;/gostinnye/
/product/2270/;/spalni/
/product/2700/;/spalni/
/product/2238/;/prihojii/
/product/2773/;/gostinnye/
/product/2360/;/gostinnye/
/product/2364/;/gostinnye/
/catalog/208/9/;/gostinnye/
/product/2581/;/spalni/
/product/2972/;/spalni/
/product/2560/;/spalni/
/product/2771/;/gostinnye/
/product/2289/;/spalni/
/product/2259/;/gostinnye/
/product/2751/;/gostinnye/
/catalog/208/2/;/gostinnye/
/product/2641/;/spalni/
/catalog/196/;/spalni/
/product/2273/;/
/product/2811/;/gostinnye/
/product/2221/;/gostinnye/
/product/2434/;/gostinnye/
/product/2214/;/gostinnye/
/product/2222/;/gostinnye/
/product/2766/;/kabinet/
/product/2234/;/gostinnye/
/catalog/198/3/;/gostinnye/
/product/2282/;/spalni/
/product/2604/;/spalni/
/product/2874/;/gostinnye/
/product/2753/;/gostinnye/
/product/2291/;/spalni/
/product/2853/;/gostinnye/
/product/2495/;/
/product/2253/;/gostinnye/
/product/2213/;/
/product/2277/;/spalni/
/product/2284/;/product/2284/
/catalog/194/;/spalni/
/product/2978/;/spalni/
/product/2379/;/gostinnye/
/product/2942/;/gostinnye/
/product/2683/;/spalni/
/product/2280/;/spalni/
/news/76/;/news/
/product/2479/;/
/info/optovikam/;/
/product/2340/;/gostinnye/
/product/2225/;/gostinnye/
/product/2514/;/spalni/
/product/2561/;/spalni/
/product/2219/;/gostinnye/
/product/2327/;/gostinnye/
/product/2686/;/gostinnye/
/catalog/208/14/;/gostinnye/
/product/2555/;/spalni/
/product/2187/;/gostinnye/
/product/2453/;/gostinnye/
/product/2513/;/spalni/
/product/2229/;/gostinnye/
/product/2679/;/spalni/
/product/2883/;/gostinnye/
/catalog/208/7/;/gostinnye/
/catalog/208/11/;/gostinnye/
/product/2367/;/gostinnye/
/product/2283/;/spalni/
/product/2448/;/gostinnye/
/product/2823/;/gostinnye/
/product/2318/;/gostinnye/
/product/2970/;/gostinnye/
/product/2188/;/gostinnye/
/info/about/;/about_fabric/
/product/2505/;/
/product/2702/;/spalni/
/product/2485/;/
/product/2454/;/
/product/2496/;/
/product/2497/;/
/product/2446/;/gostinnye/
/product/3009/;/spalni/
/product/2314/;/
/product/2706/;/gostinnye/
/product/3006/;/spalni/
/product/2467/;/gostinnye/
/product/2809/;/gostinnye/
/product/2325/;/gostinnye/
/product/2659/;/spalni/
/product/2826/;/gostinnye/
/product/2677/;/spalni/
/product/2344/;/gostinnye/
/product/2687/;/gostinnye/
/product/2689/;/gostinnye/
/product/2202/;/gostinnye/
/product/2438/;/gostinnye/
/product/2577/;/spalni/
/product/2435/;/gostinnye/
/product/2674/;/spalni/
/product/2543/;/spalni/
/product/2740/;/gostinnye/
/product/2369/;/gostinnye/
/product/2384/;/gostinnye/
/product/2831/;/gostinnye/
/product/2293/;/spalni/
/product/2488/;/
/product/2963/;/gostinnye/
/product/2587/;/spalni/
/product/2474/;/gostinnye/
/product/2789/;/gostinnye/
/product/2748/;/gostinnye/
/product/2801/;/gostinnye/
/product/2566/;/spalni/
/product/2425/;/spalni/
/product/2447/;/gostinnye/
/product/2544/;/spalni/
/product/2955/;/gostinnye/
/catalog/153/10/;/spalni/
/product/2276/;/spalni/
/product/2375/;/gostinnye/
/product/2695/;/gostinnye/
/catalog/168/2/;/gostinnye/
/product/2320/;/gostinnye/
/product/2486/;/
/product/2499/;/
/product/2489/;/
/product/2788/;/gostinnye/
/product/2931/;/gostinnye/
/product/2802/;/gostinnye/
/product/2584/;/spalni/
/product/2406/;/gostinnye/
/product/2986/;/spalni/
/product/2894/;/gostinnye/
/product/3004/;/spalni/
/product/2621/;/spalni/
/product/2940/;/gostinnye/
/product/2678/;/spalni/
/product/2947/;/gostinnye/
/product/2881/;/gostinnye/
/catalog/190/2/;/spalni/
/product/2553/;/spalni/
/product/2441/;/gostinnye/
/product/2835/;/gostinnye/
/product/2603/;/spalni/
/product/2204/;/gostinnye/
/product/2623/;/spalni/
/product/2699/;/spalni/
/product/2612/;/spalni/
/product/2444/;/gostinnye/
/product/2437/;/gostinnye/
/product/2665/;/spalni/
/product/2616/;/spalni/
/product/2803/;/gostinnye/
/product/2598/;/spalni/
/product/2957/;/gostinnye/
/product/2271/;/spalni/
/product/2431/;/gostinnye/
/product/2570/;/spalni/
/product/2368/;/gostinnye/
/product/2655/;/spalni/
/product/2993/;/spalni/
/product/2528/;/gostinnye/
/product/2707/;/gostinnye/
/product/2989/;/spalni/
/product/2613/;/spalni/
/product/2292/;/spalni/
/product/2558/;/spalni/
/product/2917/;/gostinnye/
/product/3000/;/spalni/
/product/2386/;/gostinnye/
/product/2412/;/gostinnye/
/product/2779/;/gostinnye/
/product/2672/;/spalni/
/product/2795/;/gostinnye/
/product/2611/;/spalni/
/product/2590/;/spalni/
/product/2899/;/gostinnye/
/product/2818/;/gostinnye/
/product/2790/;/gostinnye/
/product/2840/;/gostinnye/
/product/2846/;/gostinnye/
/product/2572/;/spalni/
/product/2937/;/gostinnye/
/product/2589/;/spalni/
/product/2876/;/gostinnye/
/product/2662/;/spalni/
/product/2839/;/gostinnye/
/product/2962/;/gostinnye/
/product/2749/;/gostinnye/
/product/2933/;/gostinnye/
/product/2338/;/gostinnye/
/product/2856/;/gostinnye/
/product/2855/;/gostinnye/
/product/2374/;/gostinnye/
/product/2757/;/gostinnye/
/product/2443/;/gostinnye/
/product/2820/;/gostinnye/
/product/2583/;/spalni/
/product/2944/;/gostinnye/
/product/2973/;/spalni/
/product/2262/;/gostinnye/
/product/2466/;/gostinnye/
/product/2600/;/spalni/
/product/2785/;/gostinnye/
/product/2968/;/gostinnye/
/product/2285/;/spalni/
/product/2315/;/spalni/
/news/75/;/news/
/product/2999/;/spalni/
/product/2414/;/spalni/
/product/2781/;/spalni/
/product/2726/;/detskie/
/product/2912/;/gostinnye/
/product/2451/;/gostinnye/
/product/2783/;/gostinnye/
/product/2708/;/gostinnye/
/product/2631/;/spalni/
/product/2457/;/gostinnye/
/product/2688/;/gostinnye/
/product/2370/;/gostinnye/
/product/2636/;/spalni/
/product/2988/;/spalni/
/product/2792/;/gostinnye/
/product/2821/;/gostinnye/
/product/2521/;/gostinnye/
/product/2902/;/gostinnye/
/product/2872/;/gostinnye/
/product/2257/;/gostinnye/
/product/2693/;/gostinnye/
/product/2568/;/spalni/
/product/2599/;/spalni/
/product/2420/;/spalni/
/product/2278/;/spalni/
/product/2198/;/gostinnye/
/catalog/153/5/;/spalni/
/product/2760/;/gostinnye/
/product/2595/;/spalni/
/product/2860/;/gostinnye/
/product/2472/;/gostinnye/
/product/2536/;/spalni/
/catalog/199/3/;/spalni/
/product/2800/;/gostinnye/
/product/2837/;/gostinnye/
/product/2645/;/spalni/
/product/2243/;/prihojii/
/product/2310/;/spalni/
/product/2696/;/gostinnye/
/product/2620/;/spalni/
/product/2866/;/gostinnye/
/product/2317/;/gostinnye/
/product/2353/;/gostinnye/
/product/2550/;/spalni/
/product/2896/;/gostinnye/
/product/2939/;/gostinnye/
/product/2959/;/gostinnye/
/product/2526/;/gostinnye/
/product/2241/;/gostinnye/
/product/2426/;/spalni/
/product/2756/;/gostinnye/
/product/2537/;/spalni/
/product/2332/;/gostinnye/
/product/2653/;/spalni/
/product/2606/;/spalni/
/product/2948/;/gostinnye/
/product/2345/;/gostinnye/
/product/2871/;/gostinnye/
/product/2675/;/spalni/
/product/2832/;/gostinnye/
/product/2415/;/spalni/
/product/2450/;/gostinnye/
/product/2258/;/gostinnye/
/product/2323/;/gostinnye/
/product/2417/;/spalni/
/product/2502/;/spalni/
/product/2333/;/gostinnye/
/product/2797/;/gostinnye/
/product/2197/;/gostinnye/
/product/2286/;/spalni/
/product/2347/;/gostinnye/
/product/2694/;/gostinnye/
/product/2346/;/gostinnye/
/product/2829/;/gostinnye/
/product/2322/;/gostinnye/
/product/2984/;/spalni/
/product/2329/;/gostinnye/
/product/2879/;/gostinnye/
/product/2949/;/gostinnye/
/product/2394/;/gostinnye/
/product/2261/;/gostinnye/
/product/2991/;/spalni/
/product/2956/;/gostinnye/
/product/2567/;/spalni/
/product/2681/;/spalni/
/product/2458/;/gostinnye/
/product/2633/;/spalni/
/product/2296/;/gostinnye/
/product/2761/;/kabinet/
/product/2297/;/gostinnye/
/product/2995/;/spalni/
/product/2697/;/gostinnye/
/product/2765/;/kabinet/
/product/2563/;/spalni/
/product/2519/;/spalni/
/product/2729/;/detskie/
/product/2776/;/gostinnye/
/product/2324/;/gostinnye/
/product/2380/;/gostinnye/
/product/2784/;/gostinnye/
/product/2559/;/spalni/
/product/2732/;/detskie/
/product/2529/;/gostinnye/
/product/2235/;/gostinnye/
/product/2775/;/gostinnye/
/catalog/159/3/;/gostinnye/
/product/2230/;/gostinnye/
/product/2343/;/gostinnye/
/product/2919/;/gostinnye/
/product/2316/;/gostinnye/
/product/2335/;/gostinnye/
/product/2807/;/gostinnye/
/product/2650/;/spalni/
/product/2730/;/detskie/
/product/2704/;/spalni/
/product/2638/;/spalni/
/product/2524/;/gostinnye/
/product/2861/;/gostinnye/
/product/2915/;/gostinnye/
/product/2868/;/gostinnye/
/product/2998/;/spalni/
/product/2440/;/gostinnye/
/product/2953/;/gostinnye/
/product/2594/;/spalni/
/product/2260/;/gostinnye/
/product/2608/;/spalni/
/product/2341/;/gostinnye/
/product/3011/;/spalni/
/product/2622/;/spalni/
/product/2930/;/gostinnye/
/product/2372/;/gostinnye/
/product/2682/;/spalni/
/product/2328/;/gostinnye/
/product/2649/;/spalni/
/product/2373/;/gostinnye/
/product/2888/;/gostinnye/
/product/2591/;/spalni/
/product/2875/;/gostinnye/
/product/2538/;/spalni/
/product/2424/;/spalni/
/product/2671/;/spalni/
/product/2403/;/gostinnye/
/product/2691/;/gostinnye/
/product/2965/;/gostinnye/
/product/2507/;/spalni/
/product/2464/;/gostinnye/
/product/2926/;/gostinnye/
/product/2326/;/gostinnye/
/product/2501/;/spalni/
/product/2542/;/spalni/
/product/2943/;/gostinnye/
/product/2982/;/spalni/
/product/2733/;/detskie/
/product/2862/;/gostinnye/
/product/2787/;/gostinnye/
/product/2648/;/spalni/
/product/2456/;/gostinnye/
/product/2390/;/gostinnye/
/product/2701/;/spalni/
/product/2816/;/gostinnye/
/product/2191/;/gostinnye/
/product/2534/;/spalni/
/product/2461/;/gostinnye/
/product/2520/;/gostinnye/
/product/2233/;/gostinnye/
/product/2569/;/spalni/
/product/2226/;/gostinnye/
/product/2976/;/spalni/
/product/2615/;/spalni/
/product/2738/;/prihojii/
/news/70/;/news/
/product/3002/;/spalni/
/product/2838/;/gostinnye/
/product/2199/;/gostinnye/
/product/2772/;/gostinnye/
/product/2396/;/gostinnye/
/product/2548/;/spalni/
/product/2410/;/gostinnye/
/product/2854/;/gostinnye/
/product/2533/;/spalni/
/product/2518/;/spalni/
/product/2509/;/spalni/
/product/2339/;/gostinnye/
/product/2248/;/gostinnye/
/product/2770/;/gostinnye/
/product/2774/;/gostinnye/
/product/2256/;/gostinnye/
/product/2981/;/spalni/
/product/2463/;/gostinnye/
/product/2471/;/gostinnye/
/product/2301/;/gostinnye/
/product/2692/;/gostinnye/
/catalog/209/3/;/spalni/
/product/2640/;/spalni/
/product/2382/;/gostinnye/
/product/2836/;/gostinnye/
/product/2442/;/gostinnye/
/product/2579/;/spalni/
/product/2305/;/spalni/
/product/2404/;/gostinnye/
/product/2313/;/spalni/
/product/2356/;/gostinnye/
/product/2652/;/spalni/
/product/2419/;/spalni/
/product/2709/;/gostinnye/
/product/2992/;/spalni/
/product/2245/;/prihojii/
/product/2193/;/gostinnye/
/product/2719/;/gostinnye/
/product/2381/;/gostinnye/
/product/2192/;/gostinnye/
/product/2393/;/gostinnye/
/product/2822/;/gostinnye/
/product/2767/;/kabinet/
/product/2646/;/spalni/
/product/2661/;/spalni/
/product/2901/;/gostinnye/
/product/2780/;/gostinnye/
/product/2890/;/gostinnye/
/product/2504/;/spalni/
/product/2632/;/spalni/
/product/2562/;/spalni/
/product/2806/;/gostinnye/
/product/2634/;/spalni/
/product/2941/;/gostinnye/
/product/2904/;/gostinnye/
/product/2908/;/gostinnye/
/product/2911/;/gostinnye/
/product/2885/;/gostinnye/
/product/2592/;/spalni/
/product/2960/;/gostinnye/
/product/2588/;/spalni/
/product/2813/;/gostinnye/
/product/2847/;/gostinnye/
/product/2516/;/spalni/
/product/2593/;/spalni/
/product/2465/;/gostinnye/
/product/2711/;/gostinnye/
/product/2423/;/spalni/
/product/2966/;/gostinnye/
/product/2673/;/spalni/
/product/2377/;/gostinnye/
/product/2312/;/spalni/
/product/2469/;/gostinnye/
/product/2644/;/spalni/
/product/2884/;/gostinnye/
/product/2196/;/gostinnye/
/product/2331/;/gostinnye/
/product/2658/;/spalni/
/product/2551/;/spalni/
/product/2354/;/gostinnye/
/product/2667/;/spalni/
/product/2848/;/gostinnye/
/product/2889/;/gostinnye/
/product/2309/;/gostinnye/
/product/2920/;/gostinnye/
/product/2742/;/gostinnye/
/product/2602/;/spalni/
/product/3005/;/spalni/
/product/2319/;/gostinnye/
/product/2391/;/gostinnye/
/product/2625/;/spalni/
/product/2263/;/gostinnye/
/product/2626/;/spalni/
/product/2609/;/spalni/
/product/2639/;/spalni/
/product/2546/;/spalni/
/product/2668/;/spalni/
/product/2395/;/gostinnye/
/product/2804/;/gostinnye/
/product/2321/;/gostinnye/
/product/3012/;/spalni/
/product/2857/;/gostinnye/
/product/2929/;/gostinnye/
/product/2610/;/spalni/
/product/2958/;/gostinnye/
/product/2663/;/spalni/
/product/2216/;/gostinnye/
/product/2834/;/gostinnye/
/product/2618/;/spalni/
/product/2552/;/spalni/
/product/2304/;/spalni/
/catalog/153/4/;/spalni/
/product/2236/;/prihojii/
/product/2974/;/spalni/
/product/2935/;/gostinnye/
/product/2808/;/gostinnye/
/catalog/153/6/;/spalni/
/product/2218/;/gostinnye/
/product/2921/;/gostinnye/
/product/2290/;/spalni/
/product/2906/;/gostinnye/
/product/2647/;/spalni/
/product/2898/;/gostinnye/
/product/2900/;/gostinnye/
/product/2556/;/spalni/
/product/2798/;/gostinnye/
/product/2928/;/gostinnye/
/product/2669/;/spalni/
/product/2298/;/spalni/
/product/2938/;/gostinnye/
/product/2651/;/spalni/
/product/2392/;/gostinnye/
/product/2750/;/gostinnye/
/product/2585/;/spalni/
/product/2580/;/spalni/
/product/2576/;/spalni/
/product/2713/;/gostinnye/
/product/2371/;/gostinnye/
/product/2927/;/gostinnye/
/product/2727/;/detskie/
/product/2743/;/gostinnye/
/product/2851/;/gostinnye/
/product/2408/;/gostinnye/
/product/3010/;/spalni/
/product/2946/;/gostinnye/
/product/2721/;/detskie/
/product/2500/;/spalni/
/product/2778/;/gostinnye/
/product/2932/;/gostinnye/
/product/2388/;/gostinnye/
/product/2255/;/gostinnye/
/product/2462/;/gostinnye/
/product/2194/;/gostinnye/
/product/2387/;/gostinnye/
/product/2607/;/spalni/
/product/2628/;/spalni/
/product/2660/;/spalni/
/product/2852/;/gostinnye/
/product/2475/;/gostinnye/
/product/2627/;/spalni/
/product/2769/;/kabinet/
/product/2402/;/gostinnye/
/product/2515/;/spalni/
/product/2805/;/gostinnye/
/product/2619/;/spalni/
/product/2573/;/spalni/
/product/2473/;/gostinnye/
/product/2525/;/gostinnye/
/product/2307/;/gostinnye/
/catalog/153/2/;/spalni/
/product/2745/;/gostinnye/
/catalog/153/8/;/spalni/
/product/2531/;/gostinnye/
/product/2578/;/spalni/
/product/2477/;/
/product/2470/;/gostinnye/
/product/2308/;/spalni/
/product/2754/;/gostinnye/
/product/2923/;/gostinnye/
/product/2557/;/spalni/
/product/2791/;/gostinnye/
/product/2690/;/gostinnye/
/product/2910/;/gostinnye/
/product/2657/;/spalni/
/product/2703/;/spalni/
/product/2527/;/gostinnye/
/product/2996/;/spalni/
/product/2819/;/gostinnye/
/product/2934/;/gostinnye/
/product/2535/;/spalni/
/product/2300/;/gostinnye/
/product/2843/;/gostinnye/
/product/2670/;/spalni/
/product/2827/;/gostinnye/
/product/2445/;/gostinnye/
/product/2969/;/gostinnye/
/product/2983/;/spalni/
/product/2786/;/gostinnye/
/product/2882/;/gostinnye/
/product/2629/;/spalni/
/product/2796/;/gostinnye/
/product/2830/;/gostinnye/
/product/2503/;/
/news/73/;/news/
/product/2302/;/spalni/
/product/2249/;/
/product/2240/;/prihojii/
/product/2870/;/gostinnye/
/product/2378/;/gostinnye/
/product/2459/;/gostinnye/
/product/2209/;/gostinnye/
/product/2849/;/gostinnye/
/product/2824/;/gostinnye/
/product/2961/;/gostinnye/
/product/2288/;/spalni/
/product/2794/;/gostinnye/
/product/2945/;/gostinnye/
/product/2892/;/gostinnye/
/product/2349/;/gostinnye/
/product/2189/;/
/product/2895/;/gostinnye/
/product/2597/;/spalni/
/product/2680/;/spalni/
/product/2311/;/spalni/
/product/2492/;/
/product/2468/;/gostinnye/
/product/2936/;/gostinnye/
/product/2903/;/gostinnye/
/product/2865/;/gostinnye/
/product/2828/;/gostinnye/
/product/2971/;/gostinnye/
/product/2859/;/gostinnye/
/product/2190/;/
/product/2951/;/gostinnye/
/product/2905/;/gostinnye/
/product/2575/;/spalni/
/product/2850/;/gostinnye/
/product/2635/;/spalni/
/product/2676/;/spalni/
/product/2571/;/spalni/
/product/2810/;/gostinnye/
/product/2918/;/gostinnye/
/product/2825/;/gostinnye/
/product/2964/;/gostinnye/
/product/2624/;/spalni/
/product/2664/;/spalni/
/product/2863/;/gostinnye/
/product/2564/;/spalni/
/product/2574/;/spalni/
/product/2449/;/gostinnye/
/product/3008/;/spalni/