/shkafi_v_gostinuju/;/gostinnye/shkafi_v_gostinuju/
/gostinnye/vsya_mebel_dlya_gostinoy/;/404/
/stulya/;/stulya/stoly-i-stulya/
/stoli_pryamie/;/detskie/modulnaya_detskaya/stoli_pryamie/
/shkafi/;/detskie/modulnaya_detskaya/shkafi/
/shkafi_dlya_spalni/;/spalni/shkafi_dlya_spalni/
/krovati_1400/;/spalni/krovati_180/krovati_1400/
/krovati_120/;/spalni/krovati_180/krovati_120/
/krovati/;/spalni/krovati_180/krovati/
/banketki/;/prihojii/banketki/
/matrasyi_90_sm/;/spalni/myagkaya_mebel/matrasyi_90_sm/
/matrasyi_70_sm/;/spalni/myagkaya_mebel/matrasyi_70_sm/
/matrasyi_180_sm/;/spalni/myagkaya_mebel/matrasyi_180_sm/
/matrasyi/;/spalni/myagkaya_mebel/matrasyi/
/biblioteki/;/gostinnye/biblioteki/
/stolyi_obedennyie/;/stoly-i-stulya/stolyi_obedennyie/
/zerkala/;/detskie/modulnaya_detskaya/zerkala/
/stellaji/;/detskie/modulnaya_detskaya/stellaji/
/shkafi/;/detskie/modulnaya_detskaya/shkafi/
/polki/;/detskie/modulnaya_detskaya/polki/
/krovati_90_sm/;/detskie/modulnaya_detskaya/krovati_90_sm/
/krovati_80_sm/;/detskie/modulnaya_detskaya/krovati_80_sm/
/drugoe_dlja_detskoj/;/detskie/modulnaya_detskaya/drugoe_dlja_detskoj/
/detskie/drugoe_dlja_detskoj/;/detskie/modulnaya_detskaya/drugoe_dlja_detskoj/
/detskie/drugoe_dlja_detskoj/d0117/;/detskie/modulnaya_detskaya/drugoe_dlja_detskoj/d0117/
/detskie/drugoe_dlja_detskoj/d08304/;/detskie/modulnaya_detskaya/drugoe_dlja_detskoj/d08304/
/detskie/drugoe_dlja_detskoj/d12122/;/detskie/modulnaya_detskaya/drugoe_dlja_detskoj/d12122/
/detskie/drugoe_dlja_detskoj/d8309/;/detskie/modulnaya_detskaya/drugoe_dlja_detskoj/d8309/
/detskie/drugoe_dlja_detskoj/fanki_kidz_13_57_sv/;/detskie/modulnaya_detskaya/drugoe_dlja_detskoj/fanki_kidz_13_57_sv/
/detskie/drugoe_dlja_detskoj/miss_flower_karniz_dlya_baldahina/;/detskie/modulnaya_detskaya/drugoe_dlja_detskoj/miss_flower_karniz_dlya_baldahina/
/detskie/drugoe_dlja_detskoj/nika-lyuks_komplekt_dekor._elementov__nr_40_21__karniz_/;/detskie/modulnaya_detskaya/drugoe_dlja_detskoj/nika-lyuks_komplekt_dekor._elementov__nr_40_21__karniz_/
/detskie/drugoe_dlja_detskoj/nika-lyuks_shkaf_kombinirovannyj_dlya_posudy__39r_/;/detskie/modulnaya_detskaya/drugoe_dlja_detskoj/nika-lyuks_shkaf_kombinirovannyj_dlya_posudy__39r_/
/detskie/drugoe_dlja_detskoj/umka_mod8/;/detskie/modulnaya_detskaya/drugoe_dlja_detskoj/umka_mod8/
/detskie/drugoe_dlja_detskoj/yahtapodsvetka/;/detskie/modulnaya_detskaya/drugoe_dlja_detskoj/yahtapodsvetka/
/detskie/krovati_80_sm/;/detskie/modulnaya_detskaya/krovati_80_sm/
/detskie/krovati_80_sm/assol_krovat-divan_as-10/;/detskie/modulnaya_detskaya/krovati_80_sm/assol_krovat-divan_as-10/
/detskie/krovati_80_sm/bmv_x5/;/detskie/modulnaya_detskaya/krovati_80_sm/bmv_x5/
/detskie/krovati_80_sm/kalejdoskop__molodezhnaya__krovat_5_korpus/;/detskie/modulnaya_detskaya/krovati_80_sm/kalejdoskop__molodezhnaya__krovat_5_korpus/
/detskie/krovati_80_sm/kar_1/;/detskie/modulnaya_detskaya/krovati_80_sm/kar_1/
/detskie/krovati_80_sm/krovat_vyishe_radugi_1900/;/detskie/modulnaya_detskaya/krovati_80_sm/krovat_vyishe_radugi_1900/
/detskie/krovati_80_sm/milana-lux-plus-80/;/detskie/modulnaya_detskaya/krovati_80_sm/milana-lux-plus-80/
/detskie/krovati_80_sm/milana-mini-80/;/detskie/modulnaya_detskaya/krovati_80_sm/milana-mini-80/
/detskie/krovati_80_sm/milana_12/;/detskie/modulnaya_detskaya/krovati_80_sm/milana_12/
/detskie/krovati_80_sm/ylia-80/;/detskie/modulnaya_detskaya/krovati_80_sm/ylia-80/
/detskie/krovati_80_sm/yunior_krovat_s_yaschikami__nr_21/;/detskie/modulnaya_detskaya/krovati_80_sm/yunior_krovat_s_yaschikami__nr_21/
/detskie/krovati_90_sm/;/detskie/modulnaya_detskaya/krovati_90_sm/
/detskie/krovati_90_sm/?page=2;/detskie/modulnaya_detskaya/krovati_90_sm/?page=2
/detskie/krovati_90_sm/adele_5__spalnya__krovat__900_/;/detskie/modulnaya_detskaya/krovati_90_sm/adele_5__spalnya__krovat__900_/
/detskie/krovati_90_sm/krovat-fiesta-90/;/detskie/modulnaya_detskaya/krovati_90_sm/krovat-fiesta-90/
/detskie/polki/;/detskie/modulnaya_detskaya/polki/
/detskie/polki/?page=2;/detskie/modulnaya_detskaya/polki/?page=2
/detskie/polki/babochka/;/detskie/modulnaya_detskaya/polki/babochka/
/detskie/polki/korabl/;/detskie/modulnaya_detskaya/polki/korabl/
/detskie/polki/polkaparus/;/detskie/modulnaya_detskaya/polki/polkaparus/
/detskie/shkafi/?sortBy%5Bprice%5D=up;/detskie/modulnaya_detskaya/shkafi/?sortBy%5Bprice%5D=up
/detskie/shkafi/Shk-154/;/detskie/modulnaya_detskaya/shkafi/Shk-154/
/detskie/shkafi/d1668/;/detskie/modulnaya_detskaya/shkafi/d1668/
/detskie/shkafi/gorod-mod8/;/detskie/modulnaya_detskaya/shkafi/gorod-mod8/
/detskie/shkafi/milana_shkaf_1.03/;/detskie/modulnaya_detskaya/shkafi/milana_shkaf_1.03/
/detskie/shkafi/milana_shkaf_1.04/;/detskie/modulnaya_detskaya/shkafi/milana_shkaf_1.04/
/detskie/shkafi/pilot_shkaf_3_dveri/;/detskie/modulnaya_detskaya/shkafi/pilot_shkaf_3_dveri/
/detskie/stellaji/;/detskie/modulnaya_detskaya/stellaji/
/detskie/stellaji/d7241/;/detskie/modulnaya_detskaya/stellaji/d7241/
/detskie/stellaji/milana_stellaj_1.09/;/detskie/modulnaya_detskaya/stellaji/milana_stellaj_1.09/
/detskie/stoli_pryamie/d6081/;/detskie/modulnaya_detskaya/stoli_pryamie/d6081/
/detskie/stoli_pryamie/kalejdoskop__molodezhnaya__stol_pismennyj_2_korpus/;/detskie/modulnaya_detskaya/stoli_pryamie/kalejdoskop__molodezhnaya__stol_pismennyj_2_korpus/
/detskie/stoli_pryamie/milana_stol_1.05/;/detskie/modulnaya_detskaya/stoli_pryamie/milana_stol_1.05/
/detskie/stoli_pryamie/milana_stol_1.06/;/detskie/modulnaya_detskaya/stoli_pryamie/milana_stol_1.06/
/detskie/zerkala/;/detskie/modulnaya_detskaya/zerkala/
/gostinnye/stolyi_obedennyie/51-pec/;/stoly-i-stulya/stolyi_obedennyie/51-pec/
/gostinnye/stolyi_obedennyie/?fabricator=33;/stoly-i-stulya/stolyi_obedennyie/?fabricator=33
/gostinnye/stolyi_obedennyie/?fabricator=44&page=3;/stoly-i-stulya/stolyi_obedennyie/?fabricator=44&page=3
/gostinnye/stolyi_obedennyie/?fabricator=44&sortBy%5Bnovelty%5D=down&view=tile;/stoly-i-stulya/stolyi_obedennyie/?fabricator=44&sortBy%5Bnovelty%5D=down&view=tile
/gostinnye/stolyi_obedennyie/?page=2;/stoly-i-stulya/stolyi_obedennyie/?page=2
/gostinnye/stolyi_obedennyie/?page=3;/stoly-i-stulya/stolyi_obedennyie/?page=3
/gostinnye/stolyi_obedennyie/?page=3&sortBy%5Bprice%5D=down;/stoly-i-stulya/stolyi_obedennyie/?page=3&sortBy%5Bprice%5D=down
/gostinnye/stolyi_obedennyie/?page=4;/stoly-i-stulya/stolyi_obedennyie/?page=4
/gostinnye/stolyi_obedennyie/Emperor-stol/;/stoly-i-stulya/stolyi_obedennyie/Emperor-stol/
/gostinnye/stolyi_obedennyie/Olivia-Opera-stol/;/stoly-i-stulya/stolyi_obedennyie/Olivia-Opera-stol/
/gostinnye/stolyi_obedennyie/galant-2r/;/stoly-i-stulya/stolyi_obedennyie/galant-2r/
/gostinnye/stolyi_obedennyie/kingli-1nr/;/stoly-i-stulya/stolyi_obedennyie/kingli-1nr/
/gostinnye/stolyi_obedennyie/kingli-1r/;/stoly-i-stulya/stolyi_obedennyie/kingli-1r/
/gostinnye/stolyi_obedennyie/kompass_stol_sm-02/;/stoly-i-stulya/stolyi_obedennyie/kompass_stol_sm-02/
/gostinnye/stolyi_obedennyie/prime-1r/;/stoly-i-stulya/stolyi_obedennyie/prime-1r/
/gostinnye/stolyi_obedennyie/royal-2nr/;/stoly-i-stulya/stolyi_obedennyie/royal-2nr/
/gostinnye/stolyi_obedennyie/stol-dinara/;/stoly-i-stulya/stolyi_obedennyie/stol-dinara/
/gostinnye/stolyi_obedennyie/stol-fabricio-1/;/stoly-i-stulya/stolyi_obedennyie/stol-fabricio-1/
/gostinnye/stulya/;/stoly-i-stulya/stulya/
/gostinnye/stulya/anna-2/;/stoly-i-stulya/stulya/
/gostinnye/stulya/quadro/;/stoly-i-stulya/stulya/
/gostinnye/stulya/stul-tulon/;/stoly-i-stulya/stulya/
/gostinnye/stulya/stul_stremyanka_art_129/;/stoly-i-stulya/stulya/
/gostinnye/stulya/vito/;/stoly-i-stulya/stulya/
/kabinet/biblioteki/biblioteka_785/;/gostinnye/biblioteki/biblioteka_785/
/kabinet/biblioteki/biblioteka_786/;/gostinnye/biblioteki/biblioteka_786/
/myagkaya_mebel/matrasyi/;/spalni/myagkaya_mebel/matrasyi/
/myagkaya_mebel/matrasyi/?page=2;/spalni/myagkaya_mebel/matrasyi/?page=2
/myagkaya_mebel/matrasyi_180_sm/;/spalni/myagkaya_mebel/matrasyi_180_sm/
/myagkaya_mebel/matrasyi_70_sm/;/spalni/myagkaya_mebel/matrasyi_70_sm/
/myagkaya_mebel/matrasyi_90_sm/;/spalni/myagkaya_mebel/matrasyi_90_sm/
/spalni/banketki/bella-banketka-7/;/prihojii/banketki/bella-banketka-7/
/spalni/banketki/da-vinchi-cd-07/;/prihojii/banketki/da-vinchi-cd-07/
/spalni/banketki/milana__spalnya__banketka_1_venge/;/prihojii/banketki/milana__spalnya__banketka_1_venge/
/spalni/krovati/?page=2;/spalni/krovati_180/krovati/?page=2
/spalni/krovati/?page=3;/spalni/krovati_180/krovati/?page=3
/spalni/krovati/adele_2__spalnya__krovat__1600_/;/spalni/krovati_180/krovati/adele_2__spalnya__krovat__1600_/
/spalni/krovati/da-vinchi-cd-08/;/spalni/krovati_180/krovati/da-vinchi-cd-08/
/spalni/krovati/gloss-krovat-160-pm/;/spalni/krovati_180/krovati/gloss-krovat-160-pm/
/spalni/krovati/grande_krovat_dvojnaya_s_podemnym_mexanizmom_1600mm/;/spalni/krovati_180/krovati/grande_krovat_dvojnaya_s_podemnym_mexanizmom_1600mm/
/spalni/krovati/mia_krovat_m2-k29-a_s_izgolovem_m2-k26-a_art.05/;/spalni/krovati_180/krovati/mia_krovat_m2-k29-a_s_izgolovem_m2-k26-a_art.05/
/spalni/krovati/milana-lux-plus-160/;/spalni/krovati_180/krovati/milana-lux-plus-160/
/spalni/krovati/milanaart1404/;/spalni/krovati_180/krovati/milanaart1404/
/spalni/krovati/monika_krovat/;/spalni/krovati_180/krovati/monika_krovat/
/spalni/krovati/monika_krovat_s/;/spalni/krovati_180/krovati/monika_krovat_s/
/spalni/krovati/oliv_mod3.2/;/spalni/krovati_180/krovati/oliv_mod3.2/
/spalni/krovati/or05/;/spalni/krovati_180/krovati/or05/
/spalni/krovati/prestij-sp-06/;/spalni/krovati_180/krovati/prestij-sp-06/
/spalni/krovati/san-remo-cr-05/;/spalni/krovati_180/krovati/san-remo-cr-05/
/spalni/krovati/vanessa_krovat/;/spalni/krovati_180/krovati/vanessa_krovat/
/spalni/krovati/ventura_krovat_1600_bez_osnovaniya_id_01.247/;/spalni/krovati_180/krovati/ventura_krovat_1600_bez_osnovaniya_id_01.247/
/spalni/krovati/veronika-160/;/spalni/krovati_180/krovati/veronika-160/
/spalni/krovati/versalkrovatsv03/;/spalni/krovati_180/krovati/versalkrovatsv03/
/spalni/krovati/versalkrovatsv160sv03/;/spalni/krovati_180/krovati/versalkrovatsv160sv03/
/spalni/krovati/viktoriya_krovat/;/spalni/krovati_180/krovati/viktoriya_krovat/
/spalni/krovati_120/?page=2;/spalni/krovati_180/krovati_120/?page=2
/spalni/krovati_120/bauhaus_4__spalnya__krovat__1200_/;/spalni/krovati_180/krovati_120/bauhaus_4__spalnya__krovat__1200_/
/spalni/krovati_120/fortuna-1-120/;/spalni/krovati_180/krovati_120/fortuna-1-120/
/spalni/krovati_120/fortuna-1-bb-120/;/spalni/krovati_180/krovati_120/fortuna-1-bb-120/
/spalni/krovati_120/kantrykrovat120/;/spalni/krovati_180/krovati_120/kantrykrovat120/
/spalni/krovati_120/nadezda-lux-120/;/spalni/krovati_180/krovati_120/nadezda-lux-120/
/spalni/krovati_1400/;/spalni/krovati_180/krovati_1400/
/spalni/krovati_1400/adele_3__spalnya__krovat__1400_/;/spalni/krovati_180/krovati_1400/adele_3__spalnya__krovat__1400_/
/spalni/krovati_1400/diana-140/;/spalni/krovati_180/krovati_1400/diana-140/
/spalni/krovati_1400/fortuna-1-bm-140/;/spalni/krovati_180/krovati_1400/fortuna-1-bm-140/
/spalni/krovati_1400/krovat-modern-140/;/spalni/krovati_180/krovati_1400/krovat-modern-140/
/spalni/krovati_1400/krovat-sakura-140/;/spalni/krovati_180/krovati_1400/krovat-sakura-140/
/spalni/krovati_1400/nat_mod1/;/spalni/krovati_180/krovati_1400/nat_mod1/
/spalni/krovati_1400/vstrecha-3_krovat_140__nr_21/;/spalni/krovati_180/krovati_1400/vstrecha-3_krovat_140__nr_21/
/detskie/shkafi/Shk-115/;/detskie/modulnaya_detskaya/shkafi/Shk-115/
/detskie/stoli_pryamie/;/detskie/modulnaya_detskaya/stoli_pryamie/
/spalni/krovati/?page=4;/spalni/krovati_180/krovati/
/detskie/shkafi/?sortBy%5Bprice%5D=down&page=4;/detskie/modulnaya_detskaya/shkafi/?sortBy%5Bprice%5D=down&page=4
/gostinnye/shkafi_v_gostinuju/elegiya__gostinaya__shkaf_uglovoj_1.korpus/;/gostinnye/shkafi-uglovie_v_gostinuju/elegiya__gostinaya__shkaf_uglovoj_1.korpus/
/prihojii/banketki_dlja_prihozhej/;/prihojii/banketki/